title,wiki_page,horror_subgenre,developers,female_developer_present?,release_date,platforms,player_perspective,female_protagonist_playable_character?,motherhood,motherhood_keywords,domesticity,domesticity_keywords,trauma_and_mental illness,trauma_and_mental_illness_keywords,embodiment,embodiment_keywords,captivity,captivity_keywords,violence,violence_keywords,sexualized_violence,sexualized_violence_keywords,girlhoodhorror,girlhood horror_keywords,woman_as_monster,woman_as_monster,queer_themes,queer themes_keywords,combined_keywords,interpretative_evidence_sentences
A Plague Tale: Innocence,en.wikipedia.org/wiki/A_Plague_Tale:_Innocence,survival horror,Asobo Studio,NONE LISTED,2019-05-14,PS4; Windows; Xbox One,third-person,TRUE,FALSE,,FALSE,,FALSE,,FALSE,,TRUE,imprisoned; escape,FALSE,,FALSE,,TRUE,teen,FALSE,,FALSE,,imprisoned; escape; teen,"""Amicia de Rune is a 15-year-old"""
Alice: Madness Returns,https://en.wikipedia.org/wiki/Alice%3A_Madness_Returns,psychological horror,Spicy Horse,NONE LISTED,2011-06-14,Windows; PlayStation 3; Xbox 360,third-person,TRUE,FALSE,,FALSE,,TRUE,trauma; hallucination; asylum; hallucinate,TRUE,memories,TRUE,locked; escape,TRUE,rape; raped,TRUE,rape; raped,FALSE,,FALSE,,FALSE,,trauma; hallucination; asylum; hallucinate; memories; locked; escape; rape; raped,
Alien: Isolation,https://en.wikipedia.org/wiki/Alien:_Isolation,survival horror,Creative Assembly,NONE LISTED,2014-10-07,PlayStation 3; PlayStation 4; Windows; Xbox 360; Xbox One; Linux OS X; Nintendo Switch; Android iOS,first-person,TRUE,TRUE,mother; daughter,FALSE,,FALSE,,FALSE,,FALSE,,TRUE,killed,FALSE,,TRUE,teen,FALSE,,FALSE,,mother; daughter; killed; teen,"""where his wife was impregnated by a facehugger (alien) before she fatally birthed the creature on Sevastopol."""
American McGee's Alice,https://en.wikipedia.org/wiki/American_McGee%27s_Alice,adventure horror,Rogue Entertainment [ a ],NONE LISTED,2000-12-05,Windows; Mac OS,third-person,TRUE,FALSE,,FALSE,,TRUE,trauma; asylum; hallucinate,TRUE,flesh; disfigured,TRUE,captive,TRUE,violent; violence; murder; killed,FALSE,,FALSE,,FALSE,,FALSE,,trauma; asylum; hallucinate; flesh; disfigured; captive; violent; violence; murder; killed,
Amnesia: Rebirth,en.wikipedia.org/wiki/Amnesia:_Rebirth,survival horror,Frictional Games,NONE LISTED,2020-10-20,Linux; Windows; PS4; Amazon Luna; Xbox One; Series X/S,first-person,TRUE,TRUE,mother; motherhood; pregnant; daughter,FALSE,,TRUE,trauma; hallucinate,TRUE,body horror; mutated; body; memories,FALSE,,TRUE,killed,FALSE,,FALSE,,FALSE,,FALSE,,mother; motherhood; pregnant; daughter; trauma; hallucinate; body horror; mutated; body; memories; killed,
Amy,https://en.wikipedia.org/wiki/Amy_%28video_game%29,survival horror,VectorCell,NONE LISTED,2012-01-11,Xbox 360; PlayStation 3,,TRUE,FALSE,,FALSE,,FALSE,,TRUE,infected,FALSE,,FALSE,,FALSE,,FALSE,,FALSE,,FALSE,,infected,
Anchorhead,https://en.wikipedia.org/wiki/Anchorhead,lovecraftian horror,Michael S. Gentry,FALSE,1998,Z-machine version 8,,TRUE,TRUE,pregnant; daughter,TRUE,wife; husband; family,FALSE,,FALSE,,FALSE,,TRUE,killed,FALSE,,FALSE,,FALSE,,FALSE,,pregnant; daughter; wife; husband; family; killed,"""Edward Verlac, killed his wife and daughter before taking his own life under mysterious circumstances."""
Araya,https://en.wikipedia.org/wiki/Araya_%28video_game%29,adventure horror,MAD Virtual Reality Studio,NONE LISTED,2016-11-24,Windows,,TRUE,TRUE,pregnacy,FALSE,,TRUE,bipolar,FALSE,,FALSE,,TRUE,kills,FALSE,,FALSE,,FALSE,,FALSE,,pregnacy; bipolar; kills,"""The relationship results in an unwanted pregnancy and causes conflict between the couple."""
BloodRayne,https://en.wikipedia.org/wiki/BloodRayne_%28video_game%29,adventure horror,Terminal Reality,NONE LISTED,2002-10-31,PlayStation 2; Xbox; GameCube; Windows; Mac OS X; Terminal Cut; Windows; Nintendo Switch; PlayStation 4; PlayStation 5; Xbox One; Xbox Series X/S,,TRUE,FALSE,,FALSE,,FALSE,,FALSE,,FALSE,,TRUE,forcibly ,FALSE,,FALSE,,TRUE,vampire,FALSE,,forcibly ; vampire,"""Rayne is attacked by a man in a Nazi uniform who forcibly removes the rib from her body and leaves her for dead, although she survives."""
Clock Tower,en.wikipedia.org/wiki/Clock_Tower_(1995_video_game),survival horror,Human Entertainment,NONE LISTED,1995-09-14,Super Famicom,,TRUE,FALSE,,FALSE,,FALSE,,FALSE,,TRUE,jail cell,TRUE,killed,FALSE,,TRUE,children; young,FALSE,,FALSE,,jail cell; killed; children; young,
Clock Tower 3,en.wikipedia.org/wiki/Clock_Tower_3,survival horror,Capcom; Sunsoft,NONE LISTED,2002-12-12,PlayStation 2,third-person,TRUE,TRUE,mother; her son,FALSE,,FALSE,,TRUE,body; soul,FALSE,,TRUE,murder; murdered; killed,FALSE,,TRUE,teen; young girl,FALSE,,FALSE,,mother; her son; body; soul; murder; murdered; killed; teen; young girl,
Clock Tower II: The Struggle Within,en.wikipedia.org/wiki/Clock_Tower_II:_The_Struggle_Within,survival horror,Human Entertainment,TRUE,1998-03-12,PlayStation,,TRUE,TRUE,daughter,FALSE,,FALSE,,TRUE,soul; alter ego,TRUE,escape,TRUE,decapitated,FALSE,,TRUE,high school,FALSE,,FALSE,,daughter; soul; alter ego; escape; decapitated; high school,
D,en.wikipedia.org/wiki/D_(video_game),adventure horror,Warp,NONE LISTED,1995-04-01,3DO; Sega Saturn; PlayStation; MS-DOS,,TRUE,FALSE,,FALSE,,FALSE,,FALSE,,FALSE,,TRUE,"kill, stabbed",FALSE,,FALSE,,TRUE,vampire,FALSE,,"kill, stabbed; vampire","""Driven by her vampiric urges, Laura killed and ate her mother years ago, but it was erased from her memory by her father."""
Deadly Premonition 2: A Blessing in Disguise,https://en.wikipedia.org/wiki/Deadly_Premonition_2%3A_A_Blessing_in_Disguise,survival horror,Toybox Inc.; White Owls Inc.; Now Production,NONE LISTED,2020-07-10,Nintendo Switch; Windows,point-and-click,TRUE,TRUE,daughter; mother,FALSE,,FALSE,trauma,TRUE,body; soul,TRUE,escapes,TRUE,kill; murder; murdered; violence,FALSE,,TRUE,girl; teen; teenage girl; young,TRUE,monster;,FALSE,,daughter; mother; trauma; body; soul; escapes; kill; murder; murdered; violence; girl; teen; teenage girl; young; monster;,"""ork then enters the Otherworld, where he battles a monstrous version of Galena.""; ""York then battles a monstrous form of Lena."""
Detention,en.wikipedia.org/wiki/Detention_(video_game),adventure horror,Red Candle Games,NONE LISTED,2017-10-03,Windows; OS X; Linux; Nintendo Switch; Android ,,TRUE,FALSE,,TRUE,abusive father,FALSE,,FALSE,,FALSE,,FALSE,,FALSE,,FALSE,,FALSE,,FALSE,,abusive father,"""Inspired by the way her mother got rid of her abusive and philandering father..."""
Devotion,en.wikipedia.org/wiki/Devotion_(video_game),psychological horror,Red Candle Games,NONE LISTED,2019-02-19,Microsoft Windows; macOS,,FALSE,TRUE,mother,TRUE,domestic; family; husband,FALSE,,FALSE,,FALSE,,FALSE,,FALSE,,FALSE,,FALSE,,FALSE,,mother; domestic; family; husband,"""domestic disputes""; ""a Taipei apartment with rooms that represent various years in the lives of the Du family during the 1980s."""
Doki Doki Literature Club!,en.wikipedia.org/wiki/Doki_Doki_Literature_Club!,psychological horror,Team Salvato,TRUE,2017-09-22,macOS; Windows; Linux; iOS; Android; Plus!; Nintendo Switch; PlayStation 4; PlayStation 5; Xbox One; Xbox Series X/S; macOS,first-person,FALSE,FALSE,,TRUE,father,TRUE,depression; self-harm; suicide,TRUE,body,FALSE,,TRUE,abused,FALSE,,TRUE,student; high school,FALSE,,FALSE,,father; depression; self-harm; suicide; body; abused; student; high school,"""Natsuki is malnourished and being abused by her father."""
Echo Night: Beyond,en.wikipedia.org/wiki/Echo_Night:_Beyond,survival horror,FromSoftware,TRUE,2004-01-22,PlayStation 2,first-person,FALSE,FALSE,,,,FALSE,,TRUE,soul,FALSE,,FALSE,,FALSE,,FALSE,,FALSE,,FALSE,,soul,
Emily Wants to Play,https://en.wikipedia.org/wiki/Emily_Wants_to_Play,survival horror,Shawn Hitchcock,NONE LISTED,2015-12-10,macOS; Windows; iOS; Android; PlayStation 4; Xbox One; Oculus Rift,,FALSE,TRUE,mother,TRUE,parents,TRUE,depression,FALSE,,TRUE,lock,TRUE,violent; killed,FALSE,,TRUE,young girl,TRUE,,FALSE,,mother; parents; depression; lock; violent; killed; young girl,"""Emily showed signs of erratic and violent behavior, which led her to harm other children at school and kill a puppy that they bought her as a gift. Because of this, her parents decided to keep her at home and lock her in the basement. "
Eternal Darkness: Sanity’s Requiem,en.wikipedia.org/wiki/Eternal_Darkness,lovecraftian horror; survival horror,Silicon Knights,TRUE,2002-06-24,GameCube,third-person,,FALSE,,FALSE,,,,TRUE,body; experimentation; soul,FALSE,,FALSE,,FALSE,,FALSE,,FALSE,,FALSE,,body; experimentation; soul,
FAITH: The Unholy Trinity,en.wikipedia.org/wiki/Faith:_The_Unholy_Trinity,survival horror,Airdorf Games,NONE LISTED,2017-10-04,Windows; Nintendo Switch,,FALSE,FALSE,,FALSE,,TRUE,psychiatric,FALSE,,FALSE,,FALSE,,FALSE,,FALSE,,TRUE,transforms; horrifying demon,FALSE,,psychiatric; transforms; horrifying demon,"""Amy was incarcerated at Yale Psychiatric Institute.""; ""the woman transforms into a horrifying demon."""
Fatal Frame,https://en.wikipedia.org/wiki/Fatal_Frame_(video_game),survival horror,Tecmo,TRUE,2001-12-13,PlayStation 2; Microsoft Windows; Nintendo 3DS; Nintendo Switch; Playstation 4; Playstation 5; Wii; Wii U; Xbox; Xbox One; Xbox Series X/S; Nintendo Switch 2,third-person,TRUE,FALSE,,FALSE,,FALSE,,TRUE,body,TRUE,rope,FALSE,,FALSE,,FALSE,,FALSE,,FALSE,,body; rope,"""Kirie willingly becomes the Rope Shrine Maiden and uses her body to seal the Hell Gate permanently."""
Fatal Frame II: Crimson Butterfly,en.wikipedia.org/wiki/Fatal_Frame_II:_Crimson_Butterfly,survival horror,Tecmo,TRUE,2003-11-27,Playstation 2; Xbox,third-person,TRUE,FALSE,,FALSE,,FALSE,,TRUE,soul,FALSE,,FALSE,,FALSE,,FALSE,,TRUE,witch,FALSE,,soul; witch,
Fatal Frame III: The Tormented,en.wikipedia.org/wiki/Fatal_Frame_III:_The_Tormented,survival horror,Tecmo,TRUE,2005-07-28,Playstation 2,third-person,TRUE,FALSE,,FALSE,,FALSE,,TRUE,body; memories,FALSE,,FALSE,murder; murdered,FALSE,,FALSE,,FALSE,,FALSE,,body; memories; murder; murdered,
Fatal Frame IV: Mask of the Lunar Eclipse,en.wikipedia.org/wiki/Fatal_Frame:_Mask_of_the_Lunar_Eclipse,survival horror,Tecmo; Nintendo SPD; Grasshopper Manufacture,NONE LISTED,2008-07-31,Wii; Nintendo Switch; Playstation 4; Playstation 5; Windows; Xbox One; Xbox Series X/S,first-person; third-person,TRUE,TRUE,mother,FALSE,,FALSE,,TRUE,body; memories,TRUE,kidnapped,TRUE,killed; stabbed,FALSE,,TRUE,girls,FALSE,,FALSE,,mother; body; memories; kidnapped; killed; stabbed; girls,"""suspected serial killer Yō Haibara kidnapped five girls from their rooms in a sanatorium on Rogetsu."""
Fatal Frame V: Maiden of Black Water,en.wikipedia.org/wiki/Fatal_Frame:_Maiden_of_Black_Water,survival horror,Koei Tecmo,TRUE,2014-09-27,Wii U; Nintendo Switch; Playstation 4; Playstation 5; Windows; Xbox One; Xbox Series X/S,first-person; third-person,TRUE,TRUE,birth,FALSE,,TRUE,suicide,TRUE,bodies,FALSE,,TRUE,killing,FALSE,,FALSE,,FALSE,,FALSE,,birth; suicide; bodies; killing,
Forbidden Siren 2,https://en.wikipedia.org/wiki/Forbidden_Siren_2,survival horror,Sony Computer Entertainment Japan,TRUE,2006-02-09,PlayStation 2,,TRUE,TRUE,mother,FALSE,,TRUE,trauma,TRUE,body; soul; memories,TRUE,kidnapped; imprisoned; escape,TRUE,murder; killed,FALSE,,TRUE,schoolgirl; young girl,TRUE,witch; she transforms,FALSE,,mother; trauma; body; soul; memories; kidnapped; imprisoned; escape; murder; killed; schoolgirl; young girl; witch; she transforms,
Fran Bow,en.wikipedia.org/wiki/Fran_Bow,psychological horror,Killmonday Games,TRUE,2015-08-27,Microsoft Windows; OS X; Linux; Android; iOS; Xbox Series X/S; Xbox One; Nintendo Switch; Playstation 4,,TRUE,TRUE,mother,FALSE,,TRUE,trauma; mental illness; hallucination; asylum,FALSE,,TRUE,kidnapped; escape; imprisonment,TRUE,murder; killed; torture,FALSE,,TRUE,girl,TRUE,witch,FALSE,,mother; trauma; mental illness; hallucination; asylum; kidnapped; escape; imprisonment; murder; killed; torture; girl; witch,"""Fran, a ten-year-old girl struggling with mental illness after witnessing the brutal murder of her parents"""
Haunting Ground,en.wikipedia.org/wiki/Haunting_Ground,survival horror,Capcom,TRUE,2005-04-21,Playstation 2,,TRUE,TRUE,mother,FALSE,,FALSE,,TRUE,embodiment; body; bodily autonomy; memories,TRUE,escape,TRUE,violent; murder; murdered,FALSE,,TRUE,youth,FALSE,,FALSE,,mother; embodiment; body; bodily autonomy; memories; escape; violent; murder; murdered; youth,"""The game's voyeuristic nature and the sexual objectification of Fiona were highlighted by critics as some of the game's best elements. They felt that by exposing Fiona as a vulnerable object of desire, the game makes her and therefore the player feel more fragile and endangered, building a more disturbing atmosphere."""
Ib,en.wikipedia.org/wiki/Ib_(video_game),adventure horror,kouri,NONE LISTED,2012-02-27,Windows; Nintendo Switch; Playstation 4; Playstation 5,top-down,TRUE,FALSE,,FALSE,,FALSE,,FALSE,,FALSE,,FALSE,,FALSE,,TRUE,young girl,FALSE,,FALSE,,young girl,
Koudelka,en.wikipedia.org/wiki/Koudelka,horror,Sacnoth,NONE LISTED,1999-12-16,Playstation ,,TRUE,TRUE,mother,FALSE,,FALSE,,TRUE,body,FALSE,,TRUE,killed,FALSE,,TRUE,young girl,FALSE,,FALSE,,mother; body; killed; young girl,
Layers of Fear,en.wikipedia.org/wiki/Layers_of_Fear,psychological horror,Bloober Team,NONE LISTED,2016-02-16,Linux; Microsoft Windows; macOS; Playstation 4; Xbox One; Nintendo Switch,,FALSE,TRUE,daughter,TRUE,domestic; marriage; wife; husband; family,TRUE,trauma,TRUE,body; memories,FALSE,,FALSE,,FALSE,,FALSE,,FALSE,,FALSE,,daughter; domestic; marriage; wife; husband; family; trauma; body; memories,"""mutual resentment grew between the Painter and his wife. The latter, feeling neglected and repulsed by her husband's perceived disgust"""
Layers of Fear 2,en.wikipedia.org/wiki/Layers_of_Fear_2,psychological horror,Bloober Team,NONE LISTED,2019-05-28,Microsoft Windows; Playstation 4; Xbox One; Nintendo Switch,,FALSE,FALSE,,TRUE,wife; abusive father,TRUE,trauma; hallucination,TRUE,soul,FALSE,,TRUE,assault; sexually assaulted,TRUE,sexually assaulted,FALSE,,FALSE,,FALSE,,wife; abusive father; trauma; hallucination; soul; assault; sexually assaulted; sexually assaulted,"""Both are left alone with their abusive, alcoholic father."""
Life Weaver,https://en.wikipedia.org/wiki/Life_Weaver,survival horror,BGG Productions,TRUE,2012-01-10,Windows,,TRUE,FALSE,,FALSE,,FALSE,,FALSE,,FALSE,,TRUE,violence,FALSE,,FALSE,,FALSE,,FALSE,,violence,
Little Goody Two Shoes,https://en.wikipedia.org/wiki/Little_Goody_Two_Shoes_%28video_game%29,adventure horror,AstralShiftPro,NONE LISTED,2023-10-31,Nintendo Switch PlayStation 5 Windows Xbox Series X/S,,TRUE,FALSE,,FALSE,,FALSE,,,,FALSE,,FALSE,,FALSE,,TRUE,young girl,TRUE,witch,FALSE,,young girl; witch,
Little Misfortune,en.wikipedia.org/wiki/Little_Misfortune,adventure horror,Killmonday Games,TRUE,2019-09-18,Linux; macOS; Microsoft Windows; Android; iOS; Nintendo Switch,,TRUE,TRUE,mother,TRUE,husband; abusive parents,TRUE,suicide,FALSE,,FALSE,,FALSE,,FALSE,,TRUE,girl,FALSE,,FALSE,,mother; husband; abusive parents; suicide; girl,"""eight-year-old Misfortune Ramirez Hernandez lives a sad, lonely life with her abusive parents on the outskirts of the fictional town..."""
Little Nightmares,en.wikipedia.org/wiki/Little_Nightmares,survival horror,Tarsier Studios,TRUE,2017-04-28,Android; Google Stadia; iOS; Nintendo Switch; Playstation 4; Windows; Xbox One; Playstation 5; Xbox Series X/S; Nintendo Switch 2,,TRUE,FALSE,,FALSE,,FALSE,,FALSE,,TRUE,escape; must escape; cage,FALSE,,FALSE,,TRUE,young girl,FALSE,,FALSE,,escape; must escape; cage; young girl,"""a hungry little girl who must escape the Maw, an underwater vessel inhabited by monstrous, twisted beings."""
Mad Father,en.wikipedia.org/wiki/Mad_Father,survival horror,Sen,NONE LISTED,2012-12-10,Windows; Nintendo Switch,,TRUE,TRUE,daughter; mother,TRUE,family; father,FALSE,,FALSE,,TRUE,escape; escaped,TRUE,murder; murdered; killed,FALSE,,TRUE,girl; youth,FALSE,,FALSE,,daughter; mother; family; father; escape; escaped; murder; murdered; killed; girl; youth,"""Mad Father takes place in northern Germany, where the 11-year-old protagonist Aya Drevis lives with her father Alfred and their maid Maria."""
Maid of Sker,https://en.wikipedia.org/wiki/Maid_of_Sker_(video_game),psychological horror; survival horror,Wales Interactive,NONE LISTED,2020-07-28,Windows; PS4; Xbox One; Nintendo Switch,first-person,FALSE,TRUE,daughter; mother,TRUE,family; father,FALSE,,FALSE,,TRUE,locked,FALSE,,FALSE,,FALSE,,FALSE,,FALSE,,daughter; mother; family; father; locked,"""Elisabeth's father, Isaac, disapproves of the relationship and in one version of the tale, locks her in a room until she starves."""
Martha Is Dead,https://en.wikipedia.org/wiki/Martha_Is_Dead,psychological thriller,LKA,NONE LISTED,2022-02-24,PlayStation 4 PlayStation 5 Windows Xbox One Xbox Series X/S,first-person,TRUE,TRUE,mother; pregnant,FALSE,,TRUE,asylum,TRUE,body,FALSE,,TRUE,murder; murdered; killed; torture; tortured,FALSE,,FALSE,,TRUE,malicious spirit,FALSE,,mother; pregnant; asylum; body; murder; murdered; killed; torture; tortured; malicious spirit,"""the White Lady, a malicious spirit of a woman who was hung from a tree by her lover on an island in a nearby lake"""
Milk Inside a Bag of Milk Inside a Bag of Milk,en.wikipedia.org/wiki/Milk_inside_a_bag_of_milk_inside_a_bag_of_milk,psychological horror,Nikita Kryukov,FALSE,2020-08-26,Windows; MacOS; Linux; Nintendo Switch,first-person,TRUE,TRUE,mother,FALSE,,TRUE,trauma; hallucination; suicidal; suicide; hallucinate,FALSE,,FALSE,,FALSE,,FALSE,,FALSE,,FALSE,,FALSE,,mother; trauma; hallucination; suicidal; suicide; hallucinate,
Milk Outside a Bag of Milk Outside a Bag of Milk,en.wikipedia.org/wiki/Milk_outside_a_bag_of_milk_outside_a_bag_of_milk,psychological horror,Nikita Kryukov,FALSE,2021-12-16,Windows; MacOS; Linux; Nintendo Switch,first-person,TRUE,FALSE,,FALSE,,TRUE,trauma; depression; mentally ill,FALSE,,FALSE,,FALSE,,FALSE,,FALSE,,FALSE,,FALSE,,trauma; depression; mentally ill,
Misao,en.wikipedia.org/wiki/Misao_(video_game),survival horror,Sen,NONE LISTED,2011-05-26,Microsoft Windows; Steam,,TRUE,FALSE,,FALSE,,FALSE,,FALSE,,FALSE,,TRUE,dismembering; rape,TRUE,rape,FALSE,,FALSE,,FALSE,,dismembering; rape; rape,"""Misao had gone to Sohta for help after she had been raped, only for Sohta to then rape Misao himself before dismembering her for her hands, as he has a psychotic addiction to them."""
Outlast 2,en.wikipedia.org/wiki/Outlast_2,survival horror,Red Barrels,NONE LISTED,2017-04-25,Microsoft Windows; Playstation 4; Xbox One; Nintendo Switch,first-person,FALSE,TRUE,pregnant; baby; daughter,FALSE,,TRUE,trauma; hallucination; suicide; asylum; hallucinate,TRUE,memories,TRUE,kidnapped; escape,TRUE,violent; violence; assault; murder; murdered; torture; tortured; rape,TRUE,rape,TRUE,teen; high school,FALSE,,FALSE,,pregnant; baby; daughter; trauma; hallucination; suicide; asylum; hallucinate; memories; kidnapped; escape; violent; violence; assault; murder; murdered; torture; tortured; rape; teen; high school; rape,
Oxenfree II: Lost Signals,en.wikipedia.org/wiki/Oxenfree_II:_Lost_Signals,supernatural horror; mystery horror,Night School Studio,NONE LISTED,2023-07-12,Android; iOS; Nintendo Switch; Playstation 4; Playstation 5; Windows,,TRUE,TRUE,pregnant,FALSE,,TRUE,hallucination,FALSE,,TRUE,escape,FALSE,,FALSE,,TRUE,teen,FALSE,,FALSE,,pregnant; hallucination; escape; teen,
Parasite Eve,https://en.wikipedia.org/wiki/Parasite_Eve_(video_game),horror,Square,TRUE,1998-03-29,PlayStation,,TRUE,FALSE,,FALSE,,FALSE,,FALSE,,FALSE,,FALSE,,FALSE,,FALSE,,FALSE,,FALSE,,#N/A,
Phantasmagoria,https://en.wikipedia.org/wiki/Phantasmagoria_%28video_game%29,adventure horror,Sierra On-Line [ a ],TRUE,1995-08-24,Microsoft Windows MS-DOS Sega Saturn,point-and-click,TRUE,FALSE,,TRUE,house,TRUE,suicide,TRUE,flesh; body,FALSE,,TRUE,violent; murder; murdered; torture,TRUE,rape,FALSE,,FALSE,,FALSE,,house; suicide; flesh; body; violent; murder; murdered; torture; rape,"""That idea evolved into a woman being married to a man who is drawn to a bizarre house that previously belonged to illusionists and is haunted by ghosts."""
Remothered: Broken Porcelain,en.wikipedia.org/wiki/Remothered:_Broken_Porcelain,survival horror,Stormind Games,NONE LISTED,2020-10-13,Microsoft Windows; Playstation 4; Xbox One; Nintendo Switch,,TRUE,TRUE,mother; pregnant; daughter,TRUE,husband; family; father,TRUE,hallucination; suicide,TRUE,body; disfigured; memories,TRUE,abducted; captivity; escape; must escape,TRUE,murder; murdered; killed,TRUE,raping; forced,FALSE,,FALSE,,TRUE,transgender,mother; pregnant; daughter; husband; family; father; hallucination; suicide; body; disfigured; memories; abducted; captivity; escape; must escape; murder; murdered; killed; raping; forced; transgender,"""Stefano reveals that Jennifer was not adopted by Richard Felton, but is in fact Felton's biological daughter (as Felton is actually a woman but was forced to live as a man by his father since he was 10 years old), with Stefano himself being Jennifer's illegitimate biological father as the result of raping Felton in revenge for marrying Arianna"""
Remothered: Tormented Fathers,en.wikipedia.org/wiki/Remothered:_Tormented_Fathers,survival horror,Stormind Games,NONE LISTED,2018-01-30,Microsoft Windows; Playstation 4; Xbox One; Nintendo Switch,,TRUE,TRUE,mother; baby; daughter,TRUE,wife; family,TRUE,trauma; hallucination; suicide,TRUE,memories,TRUE,imprisoned; escape,TRUE,murder; murdered,FALSE,,FALSE,,FALSE,,TRUE,testosterone treatments,mother; baby; daughter; wife; family; trauma; hallucination; suicide; memories; imprisoned; escape; murder; murdered; testosterone treatments,"""Reed discovers Felton's birth certificate, listing his name as ""Jennifer Richardine Felton"". This knowledge causes Reed to realize that Felton was actually born a girl but was raised as a boy and given testosterone treatments by her cruel father, leading Felton to developing a split personality"""
Resident Evil 2,https://en.wikipedia.org/wiki/Resident_Evil_2_%282019_video_game%29,survival horror,Capcom,NONE LISTED,2019-01-25,PlayStation 4 Windows Xbox One PlayStation 5 Xbox Series X/S Nintendo Switch iOS iPadOS macOS,third-person,TRUE,TRUE,mother; daughter,FALSE,,TRUE,hallucinate,TRUE,mutation; mutated; body; memories; infected,TRUE,escape; must escape,TRUE,violent; violence; murder; killed,FALSE,,FALSE,,FALSE,,FALSE,,mother; daughter; hallucinate; mutation; mutated; body; memories; infected; escape; must escape; violent; violence; murder; killed,
Resident Evil 3: Nemesis,https://en.wikipedia.org/wiki/Resident_Evil_3%3A_Nemesis,survival horror,Capcom,TRUE,1999-09-22,"PlayStation , Windows , Dreamcast , GameCube",third-person,TRUE,FALSE,,FALSE,,FALSE,,TRUE,infected,TRUE,escape,TRUE,killed,FALSE,,FALSE,,FALSE,,FALSE,,infected; escape; killed,
Resident Evil 4,https://en.wikipedia.org/wiki/Resident_Evil_4,survival horror,Capcom Production Studio 4 [ a ],TRUE,2005-01-11,GameCube PlayStation 2 Windows Wii iOS Zeebo PlayStation 3 Xbox 360 Android PlayStation 4 Xbox One Nintendo Switch Oculus Quest 2,third-person,FALSE,TRUE,daughter,FALSE,,TRUE,hallucination; asylum,TRUE,mutated; body; experimentation; soul,TRUE,kidnapped; abducted; held captive; captive; escape,FALSE,,FALSE,,TRUE,young girl,FALSE,,FALSE,,daughter; hallucination; asylum; mutated; body; experimentation; soul; kidnapped; abducted; held captive; captive; escape; young girl,
Resident Evil 5,https://en.wikipedia.org/wiki/Resident_Evil_5,survival horror,Capcom,NONE LISTED,2009-03-05,PlayStation 3 Xbox 360 Windows Shield Android TV PlayStation 4 Xbox One Nintendo Switch,third-person,TRUE,FALSE,,FALSE,,FALSE,,TRUE,infected; mutates,TRUE,escape,FALSE,,FALSE,,FALSE,,FALSE,,FALSE,,infected; mutates; escape,"""he has betrayed Gionne and infected her with Uroboros. She mutates into a giant monster."""
Resident Evil: Code Veronica,en.wikipedia.org/wiki/Resident_Evil_Code:_Veronica,survival horror,Capcom Production Studio 4,NONE LISTED,2000-02-03,Dreamcast; Playstation 2; GameCube; Playstation 3; Xbox 360,third-person,TRUE,FALSE,,TRUE,family,FALSE,,TRUE,experimentation; soul,TRUE,imprisoned; escape,FALSE,,FALSE,,FALSE,,FALSE,,FALSE,,family; experimentation; soul; imprisoned; escape,
Rule of Rose,en.wikipedia.org/wiki/Rule_of_Rose,survival horror; psychological horror,Punchline,NONE LISTED,2006-01-19,Playstation 2,,TRUE,FALSE,,FALSE,,TRUE,trauma; suicidal; suicide,TRUE,body; memories,TRUE,kidnapped; abducted; captive; escape,TRUE,violent; violence; killed,FALSE,,TRUE,teen; young girl,FALSE,,FALSE,,trauma; suicidal; suicide; body; memories; kidnapped; abducted; captive; escape; violent; violence; killed; teen; young girl,
Scarlet Hollow,https://en.wikipedia.org/wiki/Scarlet_Hollow,horror,Black Tabby Games,TRUE,2021-06-11,Linux MacOS Microsoft Windows,visual novel,FALSE,TRUE,mother; daughter,TRUE,family,FALSE,,TRUE,flesh,TRUE,escape,TRUE,killed,FALSE,,FALSE,,FALSE,,FALSE,,mother; daughter; family; flesh; escape; killed,
Scorn,https://en.wikipedia.org/wiki/Scorn_(video_game),survival horror; adventure horror,Ebb Software,NONE LISTED,2022-10-14,Microsoft Windows Xbox Series X/S PlayStation 5,,FALSE,FALSE,,FALSE,,FALSE,,TRUE,"flesh, mutated",FALSE,,FALSE,,FALSE,,FALSE,,FALSE,,TRUE,gender fluid,"flesh, mutated; gender fluid","""The silent humanoid protagonist""; ""With the parasite now merged with the protagonist, the two form a mass of seemingly immovable flesh."""
Senua's Saga: Hellblade II,https://en.wikipedia.org/wiki/Senua%27s_Saga%3A_Hellblade_II,psychological horror,Ninja Theory,TRUE,2024-05-21,Windows Xbox Series X/S PlayStation 5,,TRUE,TRUE,infant,FALSE,,TRUE,psychosis; mental illness; hallucination,TRUE,body; memories,FALSE,escape,FALSE,,FALSE,,FALSE,,FALSE,,FALSE,,infant; psychosis; mental illness; hallucination; body; memories; escape,
Shadows of the Damned,https://en.wikipedia.org/wiki/Shadows_of_the_Damned,psychological horror,Grasshopper Manufacture,NONE LISTED,2011-06-21,PlayStation 3 Xbox 360 Nintendo Switch PlayStation 4 PlayStation 5 Windows Xbox One Xbox Series X/S,third-person,FALSE,FALSE,,FALSE,,FALSE,,FALSE,,TRUE,abducted,TRUE,killed; torture,FALSE,,FALSE,,TRUE,she transforms; demon,FALSE,,abducted; killed; torture; she transforms; demon,"""Demon hunter Garcia Hotspur comes home to find his girlfriend, Paula, being abducted by the Lord of Demons, Fleming, who brags that he will take Paula with him to kill her again and again.""; ""she transforms into a demon herself."""
Signalis,en.wikipedia.org/wiki/Signalis,survival horror,rose-engine,TRUE,2022-10-27,Windows; Nintendo Switch; Playstation 4; Xbox One,top-down,TRUE,FALSE,,FALSE,,FALSE,,TRUE,memories,FALSE,,FALSE,,FALSE,,FALSE,,FALSE,,TRUE,lgbtq+,memories; lgbtq+,
Silent Hill,https://en.wikipedia.org/wiki/Silent_Hill_%28video_game%29,survival horror; psychological horror,Team Silent,NONE LISTED,1999-02-23,PlayStation,third-person,FALSE,TRUE,birth,FALSE,,FALSE,,TRUE,body,FALSE,,FALSE,,FALSE,,TRUE,girl,FALSE,,FALSE,,birth; body; girl,"""He learns that seven years earlier, Dahlia conducted a rite to force Alessa to birth the cult's deity."""
Silent Hill 2,en.wikipedia.org/wiki/Silent_Hill_2,survival horror; psychological horror,Team Silent,NONE LISTED,2001-09-25,Playstation 2; Xbox; Windows,third-person,FALSE,TRUE,mother,TRUE,domestic; domestic abuse; wife,TRUE,trauma; mental illness; hallucination; suicide,TRUE,flesh,TRUE,abducted; locked; escape,TRUE,killed; rape; raped,TRUE,rape; raped,FALSE,,FALSE,,FALSE,,mother; domestic; domestic abuse; wife; trauma; mental illness; hallucination; suicide; flesh; abducted; locked; escape; killed; rape; raped; rape; raped,"""listed it as the 11th most influential game of the decade for its emphasis on psychological horror and exploration of taboo topics such as incest and domestic abuse, rather than gore."""
Silent Hill 3,en.wikipedia.org/wiki/Silent_Hill_3,survival horror; psychological horror,Team Silent,NONE LISTED,2003-05-23,Playstation 2; Windows,third-person,TRUE,FALSE,,FALSE,,FALSE,,TRUE,body,FALSE,,TRUE,murder; murdered; killed,FALSE,,TRUE,teen,FALSE,,FALSE,,body; murder; murdered; killed; teen,"""Early sketches revealed that the creators wanted to dress her like a holy woman, and at one point she had a shaved head, with her body covered with tattoos, however, the creators thought that this way of showing her malevolent side was too obvious."""
Silent Hill 4: The Room,en.wikipedia.org/wiki/Silent_Hill_4,survival horror; psychological horror,Team Silent,NONE LISTED,2004-06-17,Playstation 2; Xbox; Windows,third-person,FALSE,TRUE,mother; baby,FALSE,,TRUE,suicide,TRUE,flesh,FALSE,,TRUE,murder; killed,FALSE,,FALSE,,FALSE,,FALSE,,mother; baby; suicide; flesh; murder; killed,
Silent Hill: Origins,https://en.wikipedia.org/wiki/Silent_Hill%3A_Origins,survival horror; psychological horror,Climax Studios,NONE LISTED,2007-11-06,PlayStation Portable PlayStation 2,third-person,FALSE,TRUE,mother; baby,TRUE,wife,FALSE,,TRUE,body; soul; memories,TRUE,escape,TRUE,killed,FALSE,,TRUE,young girl,FALSE,,FALSE,,mother; baby; wife; body; soul; memories; escape; killed; young girl,"""his mother had been committed to a local mental institution after attempting to kill him, and his father had killed himself, unable to live with the guilt of having his wife condemned.""; "
Silent Hill: Shattered Memories,https://en.wikipedia.org/wiki/Silent_Hill%3A_Shattered_Memories,survival horror; psychological horror,Climax Studios,FALSE,2009-12-08,Wii PlayStation 2 PlayStation Portable,first-person,FALSE,TRUE,daughter,TRUE,wife; family,FALSE,,TRUE,memories,FALSE,,FALSE,,FALSE,,FALSE,,FALSE,,FALSE,,daughter; wife; family; memories,"""a drunken Harry yells at Cheryl, demands a beer and blames his drinking on his family."""
Silent Hill: The Short Message,https://en.wikipedia.org/wiki/Silent_Hill%3A_The_Short_Message,psychological horror,Konami Digital Entertainment [ a ],TRUE,2024-01-31,PlayStation 5,,TRUE,TRUE,mother,TRUE,home,TRUE,mental illness; suicide,TRUE,body; memories,TRUE,escape; escaped,TRUE,abused,FALSE,,TRUE,teenage girl; teen,TRUE,witch,FALSE,,mother; home; mental illness; suicide; body; memories; escape; escaped; abused; teenage girl; teen; witch,"""recalls how her mother both neglected and abused her and her younger brother by locking them in the closet."""
Siren: Blood Curse,en.wikipedia.org/wiki/Siren:_Blood_Curse,survival horror,Japan Studio,TRUE,2008-07-24,Playstation 3,third-person,FALSE,TRUE,daughter,FALSE,,FALSE,,TRUE,mutated; memories,TRUE,escape,TRUE,murder; murdered,FALSE,,TRUE,student; high school,FALSE,,FALSE,,daughter; mutated; memories; escape; murder; murdered; student; high school,
Slender: The Arrival,https://en.wikipedia.org/wiki/Slender%3A_The_Arrival,survival horror,Blue Isle Studios Parsec Productions,NONE LISTED,2013-03-26,Windows OS X PlayStation 3 PlayStation 4 Wii U Xbox 360 Xbox One Nintendo Switch Android iOS Remastered Windows PlayStation 5 Xbox Series X/S,first-person,TRUE,FALSE,,FALSE,,TRUE,hallucination,FALSE,,TRUE,escape,FALSE,,FALSE,,FALSE,,FALSE,,FALSE,,hallucination; escape,
Sorry We're Closed,https://en.wikipedia.org/wiki/Sorry_We%27re_Closed,survival horror,à la mode games,NONE LISTED,2024-11-14,Windows PlayStation 4 PlayStation 5 Xbox One Xbox Series X/S Nintendo Switch,first-person; third-person,TRUE,FALSE,,FALSE,,FALSE,,TRUE,body; memories,FALSE,,FALSE,,FALSE,,FALSE,,FALSE,,TRUE,lgbtq+,body; memories; lgbtq+,
The 7th Guest,https://en.wikipedia.org/wiki/The_7th_Guest,adventure horror,Trilobyte,NONE LISTED,1993-04-28,"DOS CD-i , Mac OS , Windows , iOS , Android , OS X , Linux , Nintendo Switch , PlayStation 4 , PlayStation 5",,FALSE,FALSE,,FALSE,,FALSE,,FALSE,,FALSE,,TRUE,killed,FALSE,,FALSE,,FALSE,,FALSE,,killed,
The Cat Lady,en.wikipedia.org/wiki/The_Cat_Lady,adventure horror,Harvester Games,NONE LISTED,2012-12-07,Windows; Linux,,TRUE,TRUE,infant; daughter,TRUE,wife; husband; family,TRUE,depression; suicidal; suicide,FALSE,,TRUE,captive; captivity; escape,TRUE,murder; torture,FALSE,,FALSE,,FALSE,,FALSE,,infant; daughter; wife; husband; family; depression; suicidal; suicide; captive; captivity; escape; murder; torture,"""Susan's schizophrenic neighbor who tortures his wife in secret"""
The Dark Pictures: Switchback VR,https://en.wikipedia.org/wiki/The_Dark_Pictures%3A_Switchback_VR,horror,Supermassive Games,TRUE,2023-03-16,PlayStation 5,,TRUE,FALSE,,FALSE,,FALSE,,FALSE,,FALSE,,FALSE,,FALSE,,FALSE,,TRUE,demoness,FALSE,,demoness,"""the young woman on the train reveals herself to be the demoness Belial, Mother of Lies."""
The Dishwasher: Vampire Smile,https://en.wikipedia.org/wiki/The_Dishwasher%3A_Vampire_Smile,psychological horror,Ska Studios,NONE LISTED,2011-04-06,Xbox 360 ( XBLA ) Microsoft Windows Linux macOS,side-scroll,TRUE,FALSE,,FALSE,,TRUE,hallucination,TRUE,body; implant,TRUE,escape; prison;  incarceration,TRUE,violent; violence; murder; killed; stabbed,FALSE,,FALSE,,FALSE,,FALSE,,hallucination; body; implant; escape; prison;  incarceration; violent; violence; murder; killed; stabbed,"""she breaks out of the prison and stows herself away in an escape pod shortly after getting her arm cut off in battle."""
The Evil Within 2,https://en.wikipedia.org/wiki/The_Evil_Within_2,survival horror,Tango Gameworks,NONE LISTED,2017-10-13,PlayStation 4 Windows Xbox One,third-person,FALSE,TRUE,daughter,FALSE,,FALSE,,FALSE,,TRUE,kidnapped; locked; escape,TRUE,killed,FALSE,,FALSE,,FALSE,,FALSE,,daughter; kidnapped; locked; escape; killed,
The Last of Us,https://en.wikipedia.org/wiki/The_Last_of_Us_%28video_game%29,survival horror,Naughty Dog,NONE LISTED,2013-06-14,PlayStation 3 PlayStation 4,third-person,TRUE,FALSE,,FALSE,,TRUE,trauma,FALSE,,TRUE,escape,FALSE,,FALSE,,TRUE,teenage girl; teen; young girl; coming of age,FALSE,,TRUE,lgbtq+,trauma; escape; teenage girl; teen; young girl; coming of age; lgbtq+,"""Reviewers praised the character development, story and subtext, visual and sound design, and depiction of female and LGBT characters."""
The Last of Us Part II,https://en.wikipedia.org/wiki/The_Last_of_Us_Part_II,survival horror,Naughty Dog [ a ],TRUE,2020-06-19,PlayStation 4 PlayStation 5 Windows,third-person,TRUE,TRUE,mother; pregnant; her son,FALSE,,TRUE,trauma; post-traumatic,FALSE,,TRUE,escape,FALSE,,FALSE,,TRUE,teen,FALSE,,TRUE,lgbtq,mother; pregnant; her son; trauma; post-traumatic; escape; teen; lgbtq,
The Medium,https://en.wikipedia.org/wiki/The_Medium_(video_game),psychological horror,Bloober Team,FALSE,2021-01-28,Windows; Xbox Series X/S; Playstation 5; macOS; Nintendo Switch,third-person,TRUE,FALSE,,FALSE,,FALSE,,FALSE,,FALSE,,TRUE,murder; murdered; kill,FALSE,,TRUE,young,TRUE,malevolent spirit,FALSE,,murder; murdered; kill; young; malevolent spirit,"""the spirit of a young girl who warns her of the Maw, a hostile and malevolent spirit that has managed to also partially exist in the real world."""
The Mortuary Assistant,https://en.wikipedia.org/wiki/The_Mortuary_Assistant,horror,DarkStone Digital,NONE LISTED,2022-08-02,Windows Nintendo Switch PlayStation 4 PlayStation 5 Xbox One Xbox Series X/S,first-person,TRUE,TRUE,mother,FALSE,,TRUE,hallucination,TRUE,flesh; memories,TRUE,chained; locked,FALSE,,FALSE,,FALSE,,FALSE,,FALSE,,mother; hallucination; flesh; memories; chained; locked,
The Path,https://en.wikipedia.org/wiki/The_Path_(video_game),psychological horror,Tale of Tales,TRUE,2009-03-18,Microsoft Windows Mac OS X [ 1 ],first-person,TRUE,FALSE,,FALSE,,FALSE,,FALSE,,FALSE,,FALSE,,FALSE,,TRUE,girl,FALSE,,FALSE,,girl,
The Tartarus Key,https://en.wikipedia.org/wiki/The_Tartarus_Key,adventure horror,Vertical Reach,TRUE,2023-05-31,Nintendo Switch PlayStation 4 Windows Xbox One Xbox Series X/S,first-person,TRUE,FALSE,,FALSE,,FALSE,,FALSE,,TRUE,escape,FALSE,,FALSE,,FALSE,,FALSE,,FALSE,,escape,
The Town of Light,en.wikipedia.org/wiki/The_Town_of_Light,psychological horror; adventure horror,LKA,NONE LISTED,2016-02-26,Windows; Playstation 4; Xbox One; Nintendo Switch,,TRUE,TRUE,mother,TRUE,relationship,TRUE,mental illness; depression; asylum,FALSE,,FALSE,,FALSE,,TRUE,sexual abuse,TRUE,girl,FALSE,,TRUE,lgbtq+,mother; relationship; mental illness; depression; asylum; girl; sexual abuse; lgbtq+,"""Renée discovers Amara, another patient, and a romance ensues.""; ""it becomes known that Renée was admitted due to promiscuity, depression, and a volatile relationship with her mother."""
The Walking Dead,https://en.wikipedia.org/wiki/The_Walking_Dead_%28video_game%29,graphic adventure,Telltale Games,NONE LISTED,2012-04-24,Platforms Android iOS Kindle Fire HDX OS X Windows Nintendo Switch Ouya PlayStation 3 PlayStation 4 PlayStation Vita Xbox 360 Xbox One,point-and-click,FALSE,FALSE,,FALSE,,FALSE,,FALSE,,FALSE,,FALSE,,FALSE,,TRUE,young girl,FALSE,,FALSE,,young girl,
The Walking Dead: Season Two,https://en.wikipedia.org/wiki/The_Walking_Dead%3A_Season_Two,graphic adventure,Telltale Games,TRUE,2013-12-17,"Windows , OS X , PlayStation 3 , Xbox 360 , iOS , PlayStation Vita , PlayStation 4 , Xbox One , Nintendo Switch , Ouya , Android",point-and-click,,TRUE,pregnant; daughter,FALSE,,FALSE,,FALSE,,TRUE,,TRUE,killed,FALSE,,TRUE,teen; young girl,FALSE,,FALSE,,pregnant; daughter; killed; teen; young girl,
The Walking Dead: The Final Season,https://en.wikipedia.org/wiki/The_Walking_Dead%3A_The_Final_Season,adventure horror,Telltale Games (episodes 1–2) Skybound Games (episodes 3–4),TRUE,2018-08-14,Nintendo Switch PlayStation 4 Windows Xbox One,point-and-click,TRUE,FALSE,,FALSE,,TRUE,trauma,FALSE,,TRUE,escape,TRUE,murder; killed,FALSE,,TRUE,teen; youth,FALSE,,TRUE,lgbtq+,trauma; escape; murder; killed; teen; youth; lgbtq+,"Wikipedia categorizes this game as ""Fiction about child abuse""."
The Witch’s House,en.wikipedia.org/wiki/The_Witch%27s_House,adventure horror; survival horror,Fummy,NONE LISTED,2012-10-03,Microsoft Windows; macOS; Nintendo Switch; Playstation 4; Xbox One,birds-eye view,TRUE,FALSE,,FALSE,,FALSE,,TRUE,body; illness,FALSE,,FALSE,,FALSE,,TRUE,young girl,TRUE,witch,FALSE,,body; illness; young girl; witch,"""The house belongs to the witch Ellen, who was originally a young girl affected by an unknown illness and neglected by her parents."""
Theresia,https://en.wikipedia.org/wiki/Theresia_%28video_game%29,psychological horror,WorkJam,NONE LISTED,2008-09-11,Nintendo DS,first-person,TRUE,TRUE,mother,FALSE,,FALSE,,TRUE,infected,TRUE,chained; locked; prison; restrained,TRUE,murdered; killed,FALSE,,TRUE,teenage girl,FALSE,,FALSE,,mother; infected; chained; locked; prison; restrained; murdered; killed; teenage girl,"""Leanne finds her mother's body and mourns. She takes the final key needed for her escape."""
Tormented Souls,https://en.wikipedia.org/wiki/Tormented_Souls,survival horror,Dual Effect,NONE LISTED,2021-08-27,Nintendo Switch PlayStation 4 PlayStation 5 Windows Xbox One Xbox Series X/S,third-person,TRUE,TRUE,mother; maternal,FALSE,,FALSE,,TRUE,mutation; mutated; soul,TRUE,imprisoned; captivity; escape; escaped,TRUE,kill,FALSE,,FALSE,,TRUE,monster,FALSE,,mother; maternal; mutation; mutated; soul; imprisoned; captivity; escape; escaped; kill; monster,"""Anna has been mutated into a horrific monster."""
Unforgiving: A Northern Hymn,https://en.wikipedia.org/wiki/Unforgiving%3A_A_Northern_Hymn,psychological horror; survival horror,Angry Demon Studio,TRUE,2017-11-27,Windows,first-person,TRUE,TRUE,mother,FALSE,,FALSE,,FALSE,,TRUE,kidnapped; escape,TRUE,kill,FALSE,,FALSE,,TRUE,tree spirit,FALSE,,mother; kidnapped; escape; kill; tree spirit,"""a tree spirit that resembles a mother and child."""
Until Dawn,en.wikipedia.org/wiki/Until_Dawn,survival horror,Supermassive Games,NONE LISTED,2015-08-25,Playstation 4; Playstation 5; Windows,third-person,TRUE,FALSE,,FALSE,,FALSE,,FALSE,,TRUE,abducted; escape,TRUE,killed; torture,FALSE,,TRUE,teen,FALSE,,FALSE,,abducted; escape; killed; torture; teen,
We Know the Devil,en.wikipedia.org/wiki/We_Know_the_Devil,horror,Date Nighto,TRUE,2015-09-12,Windows; MacOS,visual novel,TRUE,FALSE,,FALSE,,FALSE,,FALSE,,FALSE,,FALSE,,FALSE,,TRUE,teen,FALSE,,TRUE,queer,teen; queer,
What Remains of Edith Finch,en.wikipedia.org/wiki/What_Remains_of_Edith_Finch,adventure horror,Giant Sparrow,NONE LISTED,2017-04-25,Playstation 4; Windows; Xbox One; Nintendo Switch; iOS; Playstation 5; Xbox Series X/S,first-person,TRUE,TRUE,mother; pregnant; pregnancy; childbirth; infant; daughter,TRUE,wife; husband; family,TRUE,trauma; mental illness; suicide,TRUE,body,FALSE,,TRUE,murder; murdered,FALSE,,TRUE,teen; adolescent; high school,FALSE,,FALSE,,mother; pregnant; pregnancy; childbirth; infant; daughter; wife; husband; family; trauma; mental illness; suicide; body; murder; murdered; teen; adolescent; high school,"""the player is able to look down from the first-person view in-game at Edith's body and see her belly, hinting about her pregnancy."""
Wilson's Heart,https://en.wikipedia.org/wiki/Wilson%27s_Heart_%28video_game%29,adventure horror,Twisted Pixel Games,NONE LISTED,2017-04-25,Windows,first-person,TRUE,TRUE,son,FALSE,,FALSE,,TRUE,body,TRUE,shackled,TRUE,kill,FALSE,,TRUE,young girl; girl,TRUE,vampire,FALSE,,son; body; shackled; kill; young girl; girl; vampire,"""she is a vampire when she murders and drinks the blood of a hospital orderly."""